subreddit_0,5028.820556640625,0
subreddit_1,5051.48974609375,0
subreddit_1,5051.48974609375,1
subreddit_2,5553.586669921875,1
subreddit_2,5553.586669921875,0
subreddit_3,5540.231201171875,1
subreddit_3,5540.231201171875,4
subreddit_3,5540.231201171875,3
subreddit_3,5540.231201171875,0
subreddit_3,5541.228515625,2
subreddit_4,5549.6728515625,0
subreddit_5,5047.580810546875,2
subreddit_5,5032.059326171875,0
subreddit_5,5032.059326171875,4
subreddit_5,5033.044921875,3
subreddit_5,5736.032470703125,1
subreddit_6,5554.29248046875,3
subreddit_6,5554.29248046875,6
subreddit_6,5539.28662109375,7
subreddit_6,5554.29248046875,9
subreddit_6,5540.28662109375,8
subreddit_6,5538.2919921875,0
subreddit_6,5554.29248046875,4
subreddit_7,5545.61083984375,4
subreddit_7,5545.61083984375,5
subreddit_7,5545.61083984375,1
subreddit_7,5560.140869140625,9
subreddit_7,5546.61083984375,8
subreddit_7,5560.140869140625,6
subreddit_7,5546.61083984375,3
subreddit_7,5545.616455078125,0
subreddit_7,5544.616455078125,2
subreddit_7,5560.140869140625,7
